date,followers_count,following_count,media_count,engagement_rate,average_likes,average_comments,comments_to_likes_ratio,,weekly_posts
2022-07-02,6597881,1016,3027,2.12%,138525.7,988.9,0.71%,,6
2022-07-01,6558889,1017,3023,2.01%,130853,963.6,0.74%,,7
2022-06-30,6537654,1016,3020,1.53%,98907.3,779.7,0.79%,,7
2022-06-29,6512340,1015,3017,1.52%,98040.3,776,0.79%,,5
2022-06-28,6506391,1015,3015,1.55%,99783.8,757.8,0.76%,,5
2022-06-27,6499353,1015,3014,1.53%,98703.8,751.7,0.76%,,5
2022-06-26,6496277,1014,3014,1.45%,93486.1,791.1,0.85%,,5
2022-06-25,6493251,1014,3014,1.51%,97075.7,812.9,0.84%,,5
2022-06-24,6489990,1013,3013,1.53%,98180.2,821.3,0.84%,,4
2022-06-23,6487630,1014,3012,1.52%,97452.8,817.3,0.84%,,3
2022-06-22,6483880,1014,3012,1.40%,89645.7,784.1,0.88%,,3
2022-06-21,6482188,1014,3010,1.54%,98785.4,804.8,0.82%,,3
2022-06-20,6479797,1016,3009,1.53%,98499.7,803.3,0.82%,,2
2022-06-19,6476539,1015,3008,1.52%,97859,800.8,0.82%,,2
2022-06-18,6469363,1015,3008,1.48%,95166.9,795.4,0.84%,,2
2022-06-17,6465927,1015,3007,1.48%,94918.2,793.8,0.84%,,2
2022-06-16,6461626,1015,3006,1.47%,94305.2,789.3,0.84%,,2
2022-06-15,6457939,1015,3006,1.84%,118342.6,721.1,0.61%,,2
2022-06-14,6457476,1014,3005,1.84%,118110.8,718.7,0.61%,,2
2022-06-13,6453939,1015,3005,1.84%,117921.9,715.8,0.61%,,2
2022-06-12,6451871,1016,3005,1.83%,117505.9,711.8,0.61%,,2
2022-06-11,6447885,1014,3005,1.84%,118128.1,673.2,0.57%,,2
2022-06-10,6445324,1017,3004,1.84%,117880.5,669.8,0.57%,,1
2022-06-09,6443218,1018,3004,1.83%,117327.5,665.6,0.57%,,1
2022-06-08,6439635,1018,3004,1.79%,114364.8,642.8,0.56%,,2
2022-06-07,6431032,1017,3003,1.78%,113690,636.2,0.56%,,1
2022-06-06,6425190,1016,3003,1.77%,113311.9,630.6,0.56%,,2
2022-06-05,6424852,1016,3003,1.77%,113164.6,628.1,0.56%,,2
2022-06-04,6423700,1015,3003,1.77%,112968.3,624.8,0.55%,,3
2022-06-03,6422663,1015,3003,1.76%,112611.6,617.4,0.55%,,3
2022-06-02,6420784,1015,3003,1.86%,118831.3,738.8,0.62%,,3
2022-06-01,6418478,1015,3002,1.85%,118138.4,732.4,0.62%,,2
2022-05-31,6417575,1015,3002,1.93%,122969.7,722.2,0.59%,,2
2022-05-30,6416738,1013,3001,1.92%,122138.3,719.8,0.59%,,1
2022-05-29,6410899,1016,3001,1.92%,122319.9,731.7,0.60%,,1
2022-05-28,6411724,1016,3000,1.91%,122000.2,730.1,0.60%,,0
2022-05-27,6408485,1016,3000,1.91%,121760.2,727.9,0.60%,,0
2022-05-26,6412744,1016,3000,1.91%,121508.4,725.2,0.60%,,1
2022-05-25,6412870,1016,3000,1.90%,121275.3,722,0.60%,,1
2022-05-24,6409916,1016,3000,1.90%,121100.4,720,0.60%,,1
2022-05-23,6408277,1016,3000,1.90%,120905.2,718,0.59%,,2
2022-05-22,6406737,1015,3000,1.90%,120722.5,715.3,0.59%,,2
2022-05-21,6405870,1014,3000,1.89%,120313.1,710.1,0.59%,,2
2022-05-20,6404853,1013,3000,1.85%,117809.8,661.6,0.56%,,2
2022-05-19,6404706,1013,2999,1.85%,117531.1,659.9,0.56%,,1
2022-05-18,6401760,1014,2999,1.83%,116674.3,656.9,0.56%,,1
2022-05-17,6389615,1014,2999,1.87%,118715,718.3,0.61%,,1
2022-05-16,6388789,1013,2998,1.87%,118467.9,716.8,0.61%,,0
2022-05-15,6388072,1014,2998,1.86%,118291.1,715.9,0.61%,,1
2022-05-14,6386749,1014,2998,1.86%,118097.5,714.3,0.61%,,2
2022-05-13,6384277,1014,2998,1.86%,117851.8,711.1,0.60%,,2
2022-05-12,6380874,1015,2998,1.85%,117581.3,709.3,0.60%,,2
2022-05-11,6377886,1015,2998,1.85%,117038.4,704,0.60%,,2
2022-05-10,6377011,1014,2998,1.85%,117478.4,710.4,0.61%,,2
2022-05-09,6372673,1015,2997,1.85%,117082.7,707.6,0.60%,,1
2022-05-08,6371024,1014,2997,2.23%,141519.7,799.1,0.57%,,1
2022-05-07,6365969,1014,2996,2.23%,141139.5,797.8,0.57%,,0
2022-05-06,6364062,1014,2996,2.23%,141024.4,795.7,0.56%,,0
2022-05-05,6363675,1013,2996,2.23%,140881,794.6,0.56%,,0
2022-05-04,6359688,1015,2996,2.23%,140718.2,792.3,0.56%,,0
2022-05-03,6358817,1015,2996,2.22%,140518.8,789.7,0.56%,,0
2022-05-02,6359417,1014,2996,2.22%,140299.6,788.5,0.56%,,0
2022-05-01,6358827,1015,2996,2.22%,140047.8,787.3,0.56%,,0
2022-04-30,6360482,1013,2996,2.21%,139932.5,786.8,0.56%,,0
2022-04-29,6361263,1011,2996,2.21%,139783.4,785.4,0.56%,,0
2022-04-28,6363237,1011,2996,2.21%,139631.8,784.3,0.56%,,1
2022-04-27,6360750,1008,2996,2.20%,139430.5,782.9,0.56%,,1
2022-04-26,6360131,1009,2996,2.20%,139205.5,781.5,0.56%,,2
2022-04-25,6356589,1010,2996,2.20%,139021.1,780.3,0.56%,,2
2022-04-24,6351664,1011,2996,2.19%,138592.3,777.9,0.56%,,2
2022-04-23,6353920,1012,2996,2.18%,137439.3,773.8,0.56%,,3
2022-04-22,6353330,1010,2996,2.13%,134405.3,760,0.57%,,4
2022-04-21,6347945,1010,2995,2.12%,133896.3,759.2,0.57%,,3
2022-04-20,6346454,1011,2995,2.39%,150755.9,806.7,0.54%,,4
2022-04-19,6339528,1009,2994,2.38%,150093.5,805.8,0.54%,,3
2022-04-18,6330665,1010,2994,2.35%,148014.1,804.4,0.54%,,3
2022-04-17,6326837,1009,2994,1.99%,125337.7,822,0.66%,,3
2022-04-16,6324203,1009,2993,2.31%,145349.7,1014.5,0.70%,,2
2022-04-15,6319847,1010,2992,2.53%,158818.1,1089.4,0.69%,,2
2022-04-14,6318154,1010,2992,2.53%,158673.3,1088.8,0.69%,,2
2022-04-13,6317848,1007,2991,2.53%,158479.3,1086.2,0.69%,,2
2022-04-12,6310675,1010,2991,2.53%,158241.3,1081.8,0.68%,,2
2022-04-11,6307012,1010,2991,2.52%,157737.9,1076.9,0.68%,,2
2022-04-10,6302366,1012,2991,2.55%,160004.1,957,0.60%,,2
2022-04-09,6297475,1013,2991,2.55%,159652.3,954.5,0.60%,,2
2022-04-08,6292808,1013,2990,2.53%,158538.8,949.2,0.60%,,2
2022-04-07,6287987,1014,2990,2.64%,164729.5,993.8,0.60%,,2
2022-04-06,6285907,1015,2989,2.63%,164546.9,993.1,0.60%,,1
2022-04-05,6281359,1014,2989,2.63%,164391.2,992,0.60%,,2
2022-04-04,6281219,1014,2989,2.63%,164144.7,990.3,0.60%,,2
2022-04-03,6279576,1013,2989,2.62%,163790.2,987.3,0.60%,,2
2022-04-02,6278693,1012,2989,2.83%,176464,1056.1,0.60%,,2
2022-04-01,6277680,1010,2988,2.83%,176294.4,1055.3,0.60%,,1
2022-03-31,6275281,1010,2988,2.82%,176066.9,1053.3,0.60%,,1
2022-03-30,6272667,1009,2988,3.28%,204304.4,1144.3,0.56%,,1
2022-03-29,6268460,1010,2987,3.28%,204151.3,1143.7,0.56%,,0
2022-03-28,6264684,1010,2987,3.28%,203995.3,1143,0.56%,,0
2022-03-27,6262114,1010,2987,3.27%,203823.9,1141.4,0.56%,,0
2022-03-26,6259066,1009,2987,3.27%,203572.8,1139.9,0.56%,,1
2022-03-25,6256108,1009,2987,3.26%,202870.3,1136.3,0.56%,,2
2022-03-24,6254698,1007,2986,3.26%,202586.5,1133.8,0.56%,,2
2022-03-23,6251059,1007,2986,3.26%,202372.9,1132.8,0.56%,,2
2022-03-22,6248113,1007,2986,3.25%,202163.1,1129.9,0.56%,,2
2022-03-21,6244978,1007,2986,3.24%,201489.2,1124.8,0.56%,,2
2022-03-20,6240500,1007,2986,3.61%,223862.1,1305.4,0.58%,,2
2022-03-19,6233909,1007,2985,3.61%,223665.7,1304.6,0.58%,,2
2022-03-18,6222230,1006,2984,3.61%,223383.7,1303.2,0.58%,,2
2022-03-17,6196948,1005,2984,3.62%,222894.4,1300.8,0.58%,,4
2022-03-16,6166219,1007,2984,3.63%,222258.8,1298.1,0.58%,,4
2022-03-15,6154762,1006,2984,3.62%,221441.4,1294.4,0.59%,,4
2022-03-14,6151950,1005,2983,3.56%,217600.7,1283,0.59%,,4
2022-03-13,6150100,1007,2983,4.44%,270634.1,2123.7,0.79%,,4
2022-03-12,6149935,1007,2982,4.57%,278700.8,2258.8,0.81%,,3
2022-03-11,6148611,1007,2981,5.39%,328611.7,2741.8,0.83%,,2
2022-03-10,6147406,1007,2978,5.39%,328336.8,2739.2,0.83%,,0
2022-03-09,6146790,1009,2978,5.38%,328126.3,2704.7,0.82%,,0
2022-03-08,6145985,1005,2978,5.38%,327877.8,2702,0.82%,,1
2022-03-07,6144853,1006,2978,5.38%,327694.2,2699.5,0.82%,,1
2022-03-06,6142441,1006,2978,5.38%,327451.8,2696.5,0.82%,,2
2022-03-05,6139300,1005,2978,5.37%,327107.6,2694,0.82%,,2
2022-03-04,6136255,1004,2978,5.37%,326569.3,2689.7,0.82%,,3
2022-03-03,6129754,1003,2978,5.34%,324896.3,2679.3,0.83%,,3
2022-03-02,6126187,1001,2978,5.57%,337783.9,3506,1.04%,,3
2022-03-01,6123365,1001,2977,5.56%,336862.4,3495.4,1.04%,,3
2022-02-28,6119316,1001,2977,5.40%,327121.8,3467.3,1.06%,,3
2022-02-27,6111422,1001,2976,5.57%,336686.3,3512.5,1.04%,,2
2022-02-26,6107345,1002,2976,5.56%,336283.7,3510.8,1.04%,,2
2022-02-25,6103827,999,2975,5.55%,335399.5,3506.2,1.05%,,2
2022-02-24,6097386,995,2975,5.55%,334795.8,3476.7,1.04%,,3
2022-02-23,6090478,997,2975,5.55%,334466.2,3476,1.04%,,3
2022-02-22,6083638,996,2974,5.55%,333855.2,3468.4,1.04%,,2
2022-02-21,6074259,998,2974,5.53%,332622.8,3457.6,1.04%,,4
2022-02-20,6064759,998,2974,5.74%,344287.2,3518.8,1.02%,,4
2022-02-19,6052247,998,2973,5.72%,342408.6,3513.2,1.03%,,5
2022-02-18,6047185,997,2972,5.35%,320120.9,3448.9,1.08%,,6
2022-02-17,6040156,1000,2971,5.34%,319288.3,3439.8,1.08%,,7
2022-02-16,6030069,998,2971,5.32%,317232.9,3420.7,1.08%,,9
2022-02-15,6022971,998,2971,4.96%,295691.4,3195.3,1.08%,,12
2022-02-14,6012682,1000,2968,3.96%,235358.8,2533.8,1.08%,,12
2022-02-13,5982408,1001,2968,4.07%,240873.3,2378.6,0.99%,,13
2022-02-12,5874960,1001,2967,3.75%,218262.2,2192.6,1.01%,,13
2022-02-11,5793870,1000,2964,3.12%,179466.3,1051.8,0.59%,,13
2022-02-10,5731440,1000,2959,2.87%,163650.3,933.5,0.57%,,11
2022-02-09,5704075,1001,2957,2.87%,162721.8,1040,0.64%,,9
2022-02-08,5691505,1002,2954,3.10%,175067.9,1117.1,0.64%,,7
2022-02-07,5683649,999,2952,2.88%,162565,1037.2,0.64%,,5
2022-02-06,5678475,998,2951,3.22%,181857.8,1013.3,0.56%,,4
2022-02-05,5676628,999,2950,3.22%,181645.3,1012,0.56%,,3
2022-02-04,5673495,999,2947,3.21%,181254.8,1007.7,0.56%,,2
2022-02-03,5670501,1001,2947,3.20%,180608,1001.3,0.55%,,3
2022-02-02,5665499,1001,2947,3.18%,179080.3,981.2,0.55%,,3
2022-02-01,5662054,1001,2945,3.18%,178806.4,979.5,0.55%,,2
2022-01-31,5660178,1001,2945,3.17%,178394,975.5,0.55%,,2
2022-01-30,5656617,1001,2945,3.14%,176621.1,965.2,0.55%,,3
2022-01-29,5651533,1001,2944,2.66%,149290.1,790.4,0.53%,,3
2022-01-28,5649379,1001,2943,2.57%,144157.4,826.9,0.57%,,3
2022-01-27,5647050,1001,2942,2.56%,143800.1,825.4,0.57%,,3
2022-01-26,5644783,1001,2942,2.55%,143342,822.2,0.57%,,3
2022-01-25,5642797,1001,2942,2.54%,142318.3,815.5,0.57%,,4
2022-01-24,5639875,1001,2942,2.67%,149622.4,914.1,0.61%,,4
2022-01-23,5636985,1001,2941,2.65%,148603.8,906.3,0.61%,,3
2022-01-22,5633132,1000,2941,2.67%,149450.7,871.9,0.58%,,3
2022-01-21,5631057,1000,2940,2.81%,157642.8,841.3,0.53%,,3
2022-01-20,5628289,999,2938,2.79%,156175,836.5,0.54%,,2
2022-01-19,5623861,1000,2937,2.85%,159631.9,837.4,0.53%,,2
2022-01-18,5620713,1000,2936,2.85%,159254.8,835.3,0.53%,,3
2022-01-17,5614224,1001,2936,2.84%,158721.8,831.8,0.52%,,4
2022-01-16,5611324,1001,2936,2.85%,159102.9,836.1,0.53%,,4
2022-01-15,5610374,1000,2935,2.85%,158858.2,835.1,0.53%,,3
2022-01-14,5610530,1000,2934,2.84%,158589.4,833.1,0.53%,,3
2022-01-13,5610844,999,2934,2.83%,158169,830.3,0.53%,,3
2022-01-12,5610293,1000,2934,3.51%,195161.2,1497.1,0.77%,,4
2022-01-11,5609647,1000,2931,3.50%,194912.6,1496.3,0.77%,,1
2022-01-10,5604920,999,2931,3.50%,194437.8,1494.6,0.77%,,1
2022-01-09,5604549,999,2931,3.49%,194214.2,1493.8,0.77%,,2
2022-01-08,5604265,999,2931,3.49%,193876.3,1491.7,0.77%,,2
2022-01-07,5602990,999,2931,3.47%,192657.3,1489.8,0.77%,,2
2022-01-06,5602143,999,2931,3.33%,184805.1,1582,0.86%,,2
2022-01-05,5602241,999,2930,3.32%,184348.9,1576.8,0.86%,,2
2022-01-04,5601455,999,2930,3.53%,195906.8,1686.9,0.86%,,2
2022-01-03,5601177,999,2930,3.53%,195750.5,1686.7,0.86%,,2
2022-01-02,5598753,997,2929,3.52%,195565.9,1685.6,0.86%,,2
2022-01-01,5597758,998,2929,3.52%,195358.6,1684.9,0.86%,,2
2021-12-31,5597669,1000,2929,3.52%,195061.9,1682.8,0.86%,,2
2021-12-30,5594040,1000,2928,3.90%,216199.4,1767.4,0.82%,,2
2021-12-29,5590813,1000,2927,3.89%,215820.8,1765.4,0.82%,,1
2021-12-28,5588015,1000,2927,3.89%,215341.1,1760.8,0.82%,,1
2021-12-27,5578621,999,2927,3.97%,219778.4,1804.7,0.82%,,1
2021-12-26,5578543,998,2926,3.97%,219632,1804.3,0.82%,,0
2021-12-25,5577565,998,2926,3.97%,219505.4,1803.3,0.82%,,0
2021-12-24,5576865,999,2926,3.97%,219381.8,1802.7,0.82%,,0
2021-12-23,5576037,999,2926,3.96%,219243.2,1800.8,0.82%,,0
2021-12-22,5575523,997,2926,3.96%,219099.6,1800.5,0.82%,,0
2021-12-21,5574781,996,2926,3.96%,218896.7,1798.3,0.82%,,0
2021-12-20,5573771,996,2926,3.96%,218684,1796.3,0.82%,,0
2021-12-19,5572540,996,2926,3.95%,218459.7,1794.1,0.82%,,1
2021-12-18,5571421,996,2926,3.95%,218200.2,1791,0.82%,,2
2021-12-17,5569790,997,2926,3.94%,217870.2,1788.9,0.82%,,2
2021-12-16,5568306,999,2926,3.94%,217493.1,1784.9,0.82%,,3
2021-12-15,5567299,999,2926,3.93%,217164.8,1781.3,0.82%,,3
2021-12-14,5566317,999,2926,3.70%,203997.6,1663.3,0.82%,,3
2021-12-13,5564690,1000,2926,3.69%,203582.9,1662.4,0.82%,,3
2021-12-12,5562707,1001,2925,4.05%,223366.5,1880.3,0.84%,,2
2021-12-11,5559014,1002,2924,4.04%,222700.5,1876.3,0.84%,,1
2021-12-10,5558173,1001,2924,3.74%,206190.5,1778.4,0.86%,,1
2021-12-09,5557108,1002,2923,3.74%,205877,1777,0.86%,,0
2021-12-08,5556473,1001,2923,3.73%,205649,1774.8,0.86%,,0
2021-12-07,5555629,1000,2923,3.73%,205470.6,1773.2,0.86%,,1
2021-12-06,5555192,1001,2923,3.73%,205306.3,1772.1,0.86%,,1
2021-12-05,5554862,1001,2923,3.72%,205098.7,1771.4,0.86%,,1
2021-12-04,5554265,1002,2923,3.72%,204916.3,1770.4,0.86%,,1
2021-12-03,5553673,1002,2923,3.72%,204725.3,1768.5,0.86%,,1
2021-12-02,5552539,1002,2923,3.71%,204411.2,1764.8,0.86%,,2
2021-12-01,5550958,1002,2923,3.40%,187003.6,1689.8,0.90%,,3
2021-11-30,5549675,1001,2922,3.40%,186777.2,1687.8,0.90%,,2
2021-11-29,5548206,1000,2922,3.39%,186557.9,1685.4,0.90%,,2
2021-11-28,5546690,999,2922,3.39%,186332,1683.3,0.90%,,2
2021-11-27,5545157,1000,2922,3.39%,186427.2,1761.4,0.95%,,3
2021-11-26,5543527,999,2922,3.32%,182271.8,1751.1,0.96%,,3
2021-11-25,5541521,999,2921,3.32%,182151.2,1750.2,0.96%,,2
2021-11-24,5540873,1000,2920,3.32%,181982.7,1747.3,0.96%,,2
2021-11-23,5540318,1002,2920,3.31%,181768.3,1744.8,0.96%,,2
2021-11-22,5540070,1001,2920,3.37%,185038.8,1820.3,0.98%,,2
2021-11-21,5536952,1001,2920,3.37%,184841.1,1816.2,0.98%,,3
2021-11-20,5535231,1000,2918,3.37%,184583.3,1809.4,0.98%,,2
2021-11-19,5532996,1000,2918,3.34%,182908.5,1777.7,0.97%,,2
2021-11-18,5532755,999,2918,2.84%,155764.4,1250.6,0.80%,,2
2021-11-17,5538416,997,2917,2.83%,155428.6,1247.5,0.80%,,1
2021-11-16,5536686,997,2917,3.78%,207518,1578.8,0.76%,,
2021-11-15,5535805,997,2917,3.70%,202988.2,1561.4,0.77%,,
2021-11-14,5534326,999,2916,3.96%,217744.2,1652.4,0.76%,,
2021-11-13,5531941,999,2916,3.99%,219076.1,1659.9,0.76%,,
2021-11-12,5528875,997,2916,3.99%,218893.9,1657.3,0.76%,,
2021-11-11,5525031,997,2916,3.99%,218662.8,1654.9,0.76%,,
2021-11-10,5522154,997,2916,3.98%,218130.3,1649.8,0.76%,,
2021-11-09,5518657,998,2916,3.95%,216283.5,1633.3,0.76%,,
2021-11-08,5515573,998,2915,3.84%,210005.4,1568.7,0.75%,,
2021-11-07,5512341,997,2914,3.79%,207396.3,1668.7,0.81%,,
2021-11-06,5508894,996,2914,3.79%,206900,1665.8,0.81%,,
2021-11-05,5507125,995,2914,3.78%,206713,1663.4,0.81%,,
2021-11-04,5505074,997,2914,3.78%,206497.7,1661.3,0.81%,,
2021-11-03,5503628,999,2914,3.77%,205987.3,1655.6,0.80%,,
2021-11-02,5502932,1001,2914,3.73%,203659.8,1635.3,0.80%,,
2021-11-01,5502261,1000,2913,4.05%,221286.5,1671.3,0.76%,,
2021-10-31,5501325,1000,2912,4.06%,221397.2,1670,0.75%,,
2021-10-30,5499189,999,2912,4.05%,221231.9,1666.9,0.75%,,
2021-10-29,5497514,999,2912,4.05%,221138.6,1665.9,0.75%,,
2021-10-28,5497858,1000,2912,4.05%,221028.2,1664.8,0.75%,,
2021-10-27,5496370,998,2912,4.05%,220931.1,1663.6,0.75%,,
2021-10-26,5495937,997,2912,4.05%,220836.9,1662.9,0.75%,,
2021-10-25,5495194,996,2912,4.05%,220719,1661.9,0.75%,,
2021-10-24,5493875,995,2912,4.05%,220592.2,1660.2,0.75%,,
2021-10-23,5491836,996,2912,4.04%,220429.1,1657.8,0.75%,,
2021-10-22,5491499,997,2911,4.04%,220264.6,1655.4,0.75%,,
2021-10-21,5490809,995,2911,4.04%,220027.7,1651.6,0.75%,,
2021-10-20,5490348,997,2911,4.04%,219884.5,1648.5,0.75%,,
2021-10-19,5490416,998,2911,4.03%,219567,1645,0.75%,,
2021-10-18,5490422,997,2911,3.99%,217508.3,1626.6,0.75%,,
2021-10-17,5490413,997,2910,3.84%,208944.1,1685,0.81%,,
2021-10-16,5489707,998,2910,3.84%,208843.5,1683.7,0.81%,,
2021-10-15,5489222,998,2910,3.83%,208770.9,1682.3,0.81%,,
2021-10-14,5488341,996,2910,3.83%,208672,1680.5,0.81%,,
2021-10-13,5486589,998,2910,3.83%,208555.8,1675.2,0.80%,,
2021-10-12,5487102,998,2910,3.83%,208389.7,1673.9,0.80%,,
2021-10-11,5486374,998,2910,3.82%,207773.4,1672.2,0.81%,,
2021-10-10,5486475,997,2909,4.37%,237689.8,1846.1,0.78%,,
2021-10-09,5483246,996,2909,4.38%,238397.5,1849.2,0.78%,,
2021-10-08,5482618,995,2908,4.73%,257341.6,1943.8,0.76%,,
2021-10-07,5482005,998,2907,4.89%,265865.8,1917.3,0.72%,,
2021-10-06,5480545,997,2907,4.87%,264752.7,1913.3,0.72%,,
2021-10-04,5475631,997,2906,5.04%,274152.3,1918.9,0.70%,,
2021-10-03,5473101,997,2906,4.99%,270941.7,1894.5,0.70%,,
2021-10-02,5471224,997,2905,4.99%,271267.1,1873.2,0.69%,,
2021-10-01,5469244,998,2904,4.98%,270523.7,1863.3,0.69%,,
2021-09-30,5467984,998,2904,4.93%,267855.1,1844.2,0.69%,,
2021-09-29,5466377,996,2903,5.01%,272078.5,1815.7,0.67%,,
2021-09-28,5463073,996,2903,4.86%,263692.1,1758.5,0.67%,,
2021-09-27,5459372,995,2902,5.10%,276637.5,1855.7,0.67%,,
2021-09-26,5457379,996,2899,5.11%,277062.6,1749.1,0.63%,,
2021-09-24,5455208,998,2897,4.74%,257076.1,1614.9,0.63%,,
2021-09-23,5454557,998,2896,5.09%,275932.3,1639,0.59%,,
2021-09-22,5453980,997,2895,5.23%,283443.6,1613.6,0.57%,,
2021-09-21,5453148,998,2895,5.23%,283421.6,1608.9,0.57%,,
2021-09-20,5452486,999,2895,5.18%,280893.8,1599.6,0.57%,,
2021-09-19,5451561,999,2894,5.02%,272335.6,1561.7,0.57%,,
2021-09-18,5450171,997,2892,5.12%,277370.6,1629.8,0.59%,,
2021-09-17,5448812,997,2892,5.10%,276127.9,1603.3,0.58%,,
2021-09-16,5446961,996,2891,5.19%,281070.6,1684.1,0.60%,,
2021-09-15,5445409,996,2891,5.14%,278372,1670.3,0.60%,,
2021-09-14,5444800,996,2891,4.61%,249213.9,1520.7,0.61%,,
2021-09-13,5443819,996,2889,4.72%,255277.6,1514.6,0.59%,,
2021-09-12,5443034,997,2889,4.69%,253526.1,1504.8,0.59%,,
2021-09-11,5441754,999,2889,4.48%,242564.8,1454.7,0.60%,,
2021-09-10,5440557,998,2887,4.33%,233943.4,1445.3,0.62%,,
2021-09-09,5438187,997,2886,4.76%,257404.7,1657.3,0.64%,,
2021-09-08,5436919,997,2884,4.84%,261184,1769.1,0.68%,,
2021-09-07,5434585,996,2884,4.64%,250287.9,1699.9,0.68%,,
2021-09-06,5433986,997,2883,4.74%,255839.3,1655.5,0.65%,,
2021-09-05,5432498,998,2883,4.74%,255925,1648.5,0.64%,,
2021-09-04,5430336,998,2883,4.71%,254084.1,1639.3,0.65%,,
2021-09-03,5428574,999,2882,4.48%,241437.6,1614.9,0.67%,,
2021-09-02,5426266,999,2882,4.42%,238474.1,1601.3,0.67%,,
2021-09-01,5425051,999,2881,4.44%,239399.2,1561.9,0.65%,,
2021-08-31,5423764,999,2879,4.68%,252233,1796.7,0.71%,,
2021-08-30,5422901,999,2878,4.24%,228341.1,1707.8,0.75%,,
2021-08-29,5420769,999,2878,4.16%,223908.3,1690.8,0.76%,,
2021-08-28,5421186,999,2877,4.15%,223381.8,1710.8,0.77%,,
2021-08-27,5421455,997,2876,4.13%,221739.9,2079.3,0.94%,,
2021-08-26,5422348,998,2875,4.23%,227205.1,2114.8,0.93%,,
2021-08-25,5427760,998,2874,4.17%,224599.3,1946.7,0.87%,,
2021-08-24,5427511,999,2874,4.17%,224262.9,1933,0.86%,,
2021-08-23,5424936,998,2874,4.17%,224078.5,1929.4,0.86%,,
2021-08-22,5424778,998,2874,4.16%,223725.9,1926.1,0.86%,,
2021-08-21,5424617,997,2874,4.14%,222479.2,1921.1,0.86%,,
2021-08-20,5425027,999,2873,4.65%,249919.3,2480,0.99%,,
2021-08-19,5424484,999,2873,4.67%,250990.3,2507.2,1.00%,,
2021-08-16,5422790,998,2871,5.94%,319114.2,2932.9,0.92%,,
2021-08-15,5421685,999,2871,5.91%,317350.1,2926.4,0.92%,,
2021-08-14,5420428,999,2870,6.08%,326801.3,2912.9,0.89%,,
2021-08-13,5420324,999,2870,6.09%,327414.3,2909.9,0.89%,,
2021-08-12,5419474,999,2870,6.09%,327232.5,2906.7,0.89%,,
2021-08-11,5418889,999,2870,6.09%,327051,2904.8,0.89%,,
2021-08-10,5418120,999,2870,6.09%,326848.6,2903.2,0.89%,,
2021-08-09,5417433,999,2870,6.08%,326626.4,2901.6,0.89%,,
2021-08-08,5416100,999,2870,6.08%,326196.8,2899.3,0.89%,,
2021-08-07,5414903,998,2870,6.04%,324365.4,2888.5,0.89%,,
2021-08-06,5413530,997,2869,6.80%,364662.4,3336.1,0.92%,,
2021-08-05,5411815,998,2869,6.84%,366786.5,3358.9,0.92%,,
2021-08-04,5410251,999,2869,6.84%,366445.1,3352.5,0.92%,,
2021-08-03,5408907,998,2869,6.79%,364099.9,3338.3,0.92%,,
2021-07-29,5402961,999,2866,6.53%,349370.4,3592.7,1.03%,,
2021-07-28,5399744,999,2866,6.48%,346134.7,3605.9,1.04%,,
2021-07-27,5397048,1000,2865,6.28%,335303.2,3581.4,1.07%,,
2021-07-26,5393699,999,2865,6.26%,334067.4,3577,1.07%,,
2021-07-25,5389874,999,2865,6.23%,332439.2,3571.6,1.07%,,
2021-07-24,5384473,996,2864,6.19%,329754.5,3549.5,1.08%,,
2021-07-23,5377863,997,2863,6.17%,328489.4,3539.4,1.08%,,
2021-07-22,5371918,996,2863,6.11%,324640.5,3492.7,1.08%,,
2021-07-21,5359311,997,2862,5.95%,315494.2,3254.5,1.03%,,
2021-07-20,5346629,998,2862,5.95%,314690.3,3242.2,1.03%,,
2021-07-19,5342603,998,2862,5.95%,314411.9,3238.8,1.03%,,
2021-07-18,5339340,1001,2862,5.94%,314135.4,3235.9,1.03%,,
2021-07-17,5335183,1001,2862,5.94%,313867.9,3233.2,1.03%,,
2021-07-16,5330689,1001,2862,5.94%,313492.5,3231.6,1.03%,,
2021-07-15,5324939,998,2862,5.94%,312804.3,3223.8,1.03%,,
2021-07-14,5319948,998,2861,6.40%,336744.9,3904.5,1.16%,,
2021-07-13,5314180,998,2861,6.43%,337644.3,3964.2,1.17%,,
2021-07-12,5302839,997,2860,6.52%,341543.2,4036.4,1.18%,,
2021-07-11,5284710,999,2860,6.52%,340680.3,4033,1.18%,,
2021-07-09,5273020,996,2860,6.52%,339566.1,4026.4,1.19%,,
2021-07-07,5268553,997,2859,6.81%,354673,4125.6,1.16%,,
2021-07-05,5260032,995,2859,6.73%,349916.6,3994.7,1.14%,,
2021-07-04,5257466,995,2859,6.71%,348821.5,3945,1.13%,,
2021-07-03,5255131,996,2859,6.61%,343726.5,3751.9,1.09%,,
2021-07-02,5252696,999,2858,6.61%,343744.2,3584.3,1.04%,,
2021-07-01,5250522,999,2858,6.61%,343486.2,3577.3,1.04%,,
2021-06-30,5247906,999,2858,6.61%,343161,3573.1,1.04%,,
2021-06-29,5244645,999,2857,6.60%,342762.2,3567.3,1.04%,,
2021-06-28,5240672,999,2857,6.60%,342302.7,3560.2,1.04%,,
2021-06-27,5238342,999,2857,6.58%,341350.9,3549.5,1.04%,,
2021-06-26,5235278,999,2857,6.50%,336741.3,3516.9,1.04%,,
2021-06-25,5230959,997,2856,6.33%,327707.6,3342.6,1.02%,,
2021-06-24,5226723,994,2855,6.10%,315576.5,3040.6,0.96%,,
2021-06-23,5220670,993,2855,6.08%,314216.9,3013,0.96%,,
2021-06-22,5214920,993,2855,6.07%,313548.2,3008.3,0.96%,,
2021-06-21,5207447,991,2855,6.01%,310166.9,2984.5,0.96%,,
2021-06-20,5200285,991,2855,5.59%,287845.5,2886.7,1.00%,,
2021-06-19,5190449,990,2854,5.90%,302289.7,3738.9,1.24%,,
2021-06-18,5183358,990,2854,5.87%,300294,3739.7,1.25%,,
2021-06-17,5171649,988,2854,5.58%,284679,3634.5,1.28%,,
2021-06-16,5160883,986,2853,5.22%,265573.7,3554.8,1.34%,,
2021-06-15,5144234,985,2853,5.14%,260845.3,3524.5,1.35%,,
2021-06-14,5125598,984,2853,5.02%,253908.6,3479.5,1.37%,,
2021-06-13,5079219,983,2852,4.46%,223200.5,3368.3,1.51%,,
2021-06-11,4862499,983,2849,3.19%,152891.9,2329.1,1.52%,,
2021-06-10,4838863,983,2847,3.26%,155511.5,2344.9,1.51%,,
2021-06-09,4827874,982,2846,4.06%,193300.7,2743.1,1.42%,,
2021-06-08,4818639,980,2844,5.85%,277624.5,4470.2,1.61%,,
2021-06-07,4812565,978,2843,5.92%,280450.7,4634.4,1.65%,,
2021-06-06,4809730,975,2843,5.78%,273397.6,4624.5,1.69%,,
2021-06-05,4808504,971,2840,6.23%,294867.9,4728.5,1.60%,,
2021-06-04,4807691,968,2839,6.19%,293099.7,4650.7,1.59%,,
2021-06-03,4806605,968,2839,6.19%,292836.8,4642.2,1.59%,,
2021-06-02,4804957,967,2839,6.19%,292638.4,4636.1,1.58%,,
2021-06-01,4804040,967,2839,6.19%,292484,4629.8,1.58%,,
2021-05-31,4803500,963,2839,6.18%,292090.7,4614.5,1.58%,,
2021-05-30,4802717,962,2839,6.14%,290154.5,4555.6,1.57%,,
2021-05-29,4802242,958,2838,5.85%,276891.4,3981.3,1.44%,,
2021-05-28,4800995,958,2838,5.83%,275713,3932.4,1.43%,,
2021-05-27,4799538,959,2838,5.82%,275594,3930.9,1.43%,,
2021-05-26,4796843,957,2838,5.82%,275454.4,3928.6,1.43%,,
2021-05-25,4793997,955,2838,5.82%,275291.2,3927.1,1.43%,,
2021-05-23,4792967,955,2838,5.82%,275166.3,3925,1.43%,,
2021-05-22,4792653,954,2838,5.82%,275079.2,3923.5,1.43%,,
2021-05-21,4791640,953,2838,5.82%,275004,3921.8,1.43%,,
2021-05-20,4790550,952,2838,5.82%,274916.1,3919.6,1.43%,,
2021-05-19,4789779,948,2838,5.82%,274821.1,3917.9,1.43%,,
2021-05-18,4789212,948,2838,5.82%,274691.9,3916.3,1.43%,,
2021-05-17,4787584,944,2838,5.82%,274566.7,3913.5,1.43%,,
2021-05-16,4787326,943,2838,5.82%,274486.6,3911,1.43%,,
2021-05-15,4785899,943,2838,5.82%,274406.6,3908.2,1.42%,,
2021-05-14,4784420,942,2838,5.81%,274282.2,3904.6,1.42%,,
2021-05-13,4783770,940,2838,5.81%,274188.2,3898.2,1.42%,,
2021-05-12,4782870,939,2838,5.81%,274091.8,3894.8,1.42%,,
2021-05-11,4781606,938,2838,5.81%,273999.2,3876.6,1.42%,,
2021-05-10,4781339,936,2838,5.81%,273884.5,3861.7,1.41%,,
2021-05-09,4780850,936,2838,5.81%,273762.2,3856.3,1.41%,,
2021-05-08,4779761,935,2838,5.80%,273559.1,3853.9,1.41%,,
2021-05-07,4777838,933,2837,6.10%,287588.7,3846.2,1.34%,,
2021-05-06,4775967,932,2837,6.10%,287451.2,3842.5,1.34%,,
2021-05-05,4774247,932,2837,6.09%,286702.2,3834.1,1.34%,,
2021-05-04,4772973,928,2836,6.40%,301655.6,3794.9,1.26%,,
2021-05-03,4771566,928,2836,6.41%,302279.9,3785.8,1.25%,,
2021-05-02,4769904,926,2835,6.79%,319824.2,3993,1.25%,,
2021-05-01,4767713,926,2835,6.80%,320323.4,4002.8,1.25%,,
2021-04-30,4766561,925,2834,7.00%,329741.2,4078.2,1.24%,,
2021-04-29,4764000,923,2834,7.03%,330660.5,4085.4,1.24%,,
2021-04-28,4761351,922,2834,7.03%,330467.6,4083.6,1.24%,,
2021-04-27,4756901,920,2834,7.03%,330244.6,4081,1.24%,,
2021-04-26,4751557,919,2834,7.03%,329944.8,4078.5,1.24%,,
2021-04-25,4742455,918,2834,7.03%,329484,4074.1,1.24%,,
2021-04-24,4723843,918,2834,7.04%,328690.8,4067.4,1.24%,,
2021-04-23,4718173,914,2834,7.05%,328490,4063,1.24%,,
2021-04-22,4716468,914,2834,7.05%,328369.6,4060.8,1.24%,,
2021-04-21,4714720,914,2834,7.05%,328212.9,4057.8,1.24%,,
2021-04-20,4713148,913,2834,7.05%,328079.1,4056.5,1.24%,,
2021-04-18,4707499,907,2833,7.12%,331127.3,4121.1,1.25%,,
2021-04-17,4704487,904,2833,7.12%,330963.4,4118.3,1.24%,,
2021-04-16,4703023,902,2833,7.12%,330852.1,4116.5,1.24%,,
2021-04-15,4701655,899,2833,7.12%,330717.5,4115.1,1.24%,,
2021-04-14,4700126,893,2833,7.12%,330560.6,4112.9,1.24%,,
2021-04-13,4697373,892,2833,7.12%,330257.5,4110.2,1.25%,,
2021-04-12,4695991,890,2833,7.11%,329794.2,4107.5,1.25%,,
2021-04-11,4693082,889,2832,7.13%,330413,4116.1,1.25%,,
2021-04-10,4691015,885,2832,7.13%,330250.2,4113.3,1.25%,,
2021-04-09,4690023,883,2832,7.13%,330050.7,4111.3,1.25%,,
2021-04-08,4689301,880,2832,7.12%,329906.7,4110,1.25%,,
2021-04-07,4688559,880,2832,7.12%,329760,4107.1,1.25%,,
2021-04-06,4687549,876,2832,7.12%,329587.1,4104.4,1.25%,,
2021-04-05,4685727,873,2832,7.10%,328593.2,4095.1,1.25%,,
2021-04-04,4684508,871,2832,6.98%,323044.7,4060.8,1.26%,,
2021-04-03,4682570,869,2831,7.00%,323817.2,4024.4,1.24%,,
2021-04-02,4678597,870,2831,7.00%,323595,4016.6,1.24%,,
2021-04-01,4674980,867,2831,7.00%,323289.4,4012.7,1.24%,,
2021-03-31,4671601,866,2831,7.00%,322967.9,4007.7,1.24%,,
2021-03-30,4666935,863,2831,6.99%,322377,3999.6,1.24%,,
2021-03-29,4660300,854,2831,6.95%,319926.9,3967.6,1.24%,,
2021-03-28,4637113,853,2831,6.37%,291767.1,3663.5,1.26%,,
2021-03-27,4628977,852,2830,6.72%,307163.9,3828.9,1.25%,,
2021-03-26,4627762,849,2829,6.58%,300898.5,3733.9,1.24%,,
2021-03-25,4625682,847,2829,6.57%,300257.5,3724.7,1.24%,,
2021-03-24,4624432,846,2829,6.57%,300138.5,3723.8,1.24%,,
2021-03-23,4622358,846,2829,6.57%,300023.2,3721.6,1.24%,,
2021-03-20,4619294,827,2829,6.57%,299681.4,3715.6,1.24%,,
2021-03-19,4617723,826,2828,6.57%,299547.8,3712.6,1.24%,,
2021-03-18,4615748,822,2828,6.57%,299403,3711.1,1.24%,,
2021-03-17,4614239,815,2828,6.57%,299209.7,3706.5,1.24%,,
2021-03-16,4611782,808,2828,6.56%,298996.9,3702.9,1.24%,,
2021-03-15,4609319,803,2828,6.56%,298798.6,3698.2,1.24%,,
2021-03-14,4606746,793,2828,6.56%,298601.2,3694,1.24%,,
2021-03-13,4603111,780,2828,6.56%,298336.9,3686.3,1.24%,,
2021-03-12,4598448,773,2828,6.56%,297920.2,3674.3,1.23%,,
2021-03-11,4593053,762,2828,6.56%,297510.6,3665.6,1.23%,,
2021-03-10,4586241,757,2828,6.56%,296996.8,3651.8,1.23%,,
2021-03-09,4578240,752,2828,6.54%,295661.3,3617.5,1.22%,,
2021-03-08,4563475,748,2828,6.38%,287644.6,3439.1,1.20%,,
2021-03-07,4560066,748,2828,6.33%,285077.9,3390.4,1.19%,,
2021-03-06,4490085,745,2825,4.86%,216713.7,1616.1,0.75%,,
2021-03-05,4447717,735,2824,4.53%,199993.9,1326.8,0.66%,,
2021-03-04,4410795,728,2823,4.41%,193458.2,1249.7,0.65%,,
2021-03-02,4362381,714,2819,5.15%,223294.6,1464.8,0.66%,,
2021-03-01,4342592,705,2818,5.09%,219686.5,1491.9,0.68%,,
2021-02-28,4331812,700,2817,5.11%,220019.9,1487.7,0.68%,,
2021-02-27,4325566,698,2817,5.10%,219090.6,1483.8,0.68%,,
2021-02-26,4319176,694,2815,4.90%,209993.9,1476.8,0.70%,,
2021-02-25,4310276,693,2815,4.89%,209085.5,1474.4,0.71%,,
2021-02-24,4304736,684,2815,4.88%,208695.4,1471,0.71%,,
2021-02-23,4297503,682,2815,4.88%,208202.7,1467.4,0.71%,,
2021-02-21,4273821,674,2815,4.88%,206979.4,1459.8,0.71%,,
2021-02-20,4262280,670,2815,4.88%,206369.6,1455.7,0.71%,,
2021-02-19,4258442,662,2815,4.87%,205801.4,1451.4,0.71%,,
2021-02-18,4254813,653,2815,4.83%,203995.8,1446.5,0.71%,,
2021-02-17,4249034,644,2814,4.58%,193313,1435.7,0.74%,,
2021-02-16,4246291,644,2814,4.56%,192300.8,1432.2,0.75%,,
2021-02-15,4243238,643,2814,4.56%,192065.2,1428.7,0.74%,,
2021-02-14,4239403,641,2814,4.56%,191772.8,1424.3,0.74%,,
2021-02-13,4231512,638,2814,4.56%,191358.5,1416.5,0.74%,,
2021-02-12,4225909,637,2814,4.55%,190990.2,1410.9,0.74%,,
2021-02-11,4221316,627,2814,4.55%,190441.7,1402.9,0.74%,,
2021-02-10,4214961,624,2814,4.50%,188100.1,1376.9,0.73%,,
2021-02-09,4205386,616,2813,4.19%,174745.2,1235.6,0.71%,,
2021-02-08,4202263,611,2813,4.17%,173954,1226.8,0.71%,,
2021-02-07,4200212,606,2813,4.17%,173804.2,1225.9,0.71%,,
2021-02-06,4197671,599,2813,4.17%,173631.3,1224.6,0.71%,,
2021-02-05,4194842,588,2813,4.16%,173420,1223.2,0.71%,,
2021-02-04,4192255,576,2812,4.16%,173157.6,1221.3,0.71%,,
2021-02-03,4190357,560,2812,4.16%,172907.9,1218.6,0.71%,,
2021-02-01,4188652,549,2812,4.15%,172636.8,1215.2,0.70%,,
2021-01-31,4186762,543,2812,4.15%,172317.4,1210.8,0.70%,,
2021-01-30,4184026,539,2812,4.13%,171429.7,1204.2,0.70%,,
2021-01-29,4181902,534,2811,3.91%,162463.9,1140.3,0.70%,,
2021-01-28,4178628,531,2811,3.90%,161839.2,1135,0.70%,,
2021-01-27,4175674,526,2811,3.90%,161595.7,1132.8,0.70%,,
2021-01-26,4172117,522,2811,3.89%,161324.8,1130.4,0.70%,,
2021-01-25,4169627,515,2811,3.89%,161069,1128.1,0.70%,,
2021-01-24,4164293,512,2811,3.88%,160614.6,1123.2,0.70%,,
2021-01-23,4155488,505,2811,3.86%,159092.3,1110.5,0.70%,,
2021-01-22,4153271,503,2810,3.89%,160420.5,1053.6,0.66%,,
2021-01-21,4150257,498,2810,3.89%,160249.5,1045.9,0.65%,,
2021-01-20,4146069,489,2810,3.88%,159776.3,1043.4,0.65%,,
2021-01-19,4148640,478,2809,3.95%,163018.2,1030.6,0.63%,,
2021-01-18,4147301,471,2808,3.98%,164167.4,1054.2,0.64%,,
2021-01-17,4145303,458,2808,3.98%,164087,1054.2,0.64%,,
2021-01-16,4142699,457,2808,3.98%,163919.1,1052.7,0.64%,,
2021-01-14,4140922,431,2808,3.98%,163741.1,1051.1,0.64%,,
2021-01-13,4138999,422,2808,3.98%,163556,1048.3,0.64%,,
2021-01-12,4137666,414,2808,3.97%,163374.3,1046.4,0.64%,,
2021-01-10,4133591,404,2808,3.97%,162944.1,1042.1,0.64%,,
2021-01-09,4130508,393,2808,3.96%,162703.9,1039.6,0.64%,,
2021-01-07,4124516,369,2808,3.96%,162102.7,1031.7,0.64%,,
2021-01-06,4122233,352,2808,3.95%,161836.2,1028.8,0.64%,,
2021-01-05,4119647,333,2808,3.94%,161457.7,1023.5,0.63%,,
2021-01-04,4115576,299,2808,3.94%,161065.1,1019.6,0.63%,,
2021-01-03,4112674,283,2808,3.92%,160375.1,1010,0.63%,,
2021-01-02,4108599,253,2808,3.83%,156205.5,954.6,0.61%,,
2021-01-01,4103695,15,2807,3.50%,142787.8,776.9,0.54%,,
2020-12-31,4101607,1492,2807,3.47%,141731,765.1,0.54%,,
2020-12-30,4099431,2231,2807,3.46%,141176.3,761.7,0.54%,,
2020-12-29,4097675,2231,2806,3.56%,145088,788.1,0.54%,,
2020-12-28,4092646,2231,2806,3.57%,145114.8,787.8,0.54%,,
2020-12-27,4089477,2228,2806,3.56%,144646.9,784.4,0.54%,,
2020-12-26,4086895,2227,2806,3.52%,142951.6,773.5,0.54%,,
2020-12-25,4086475,2227,2805,3.47%,141155.8,721.3,0.51%,,
2020-12-24,4085462,2229,2804,3.52%,142987,698.3,0.49%,,
2020-12-23,4083634,2229,2804,3.50%,142196.8,695,0.49%,,
2020-12-22,4082640,2226,2803,3.52%,143173.3,712.3,0.50%,,
2020-12-21,4081636,2223,2803,3.52%,143122.1,711.7,0.50%,,
2020-12-20,4079341,2220,2803,3.52%,142969.1,709.5,0.50%,,
2020-12-19,4076331,2219,2803,3.52%,142750.1,706.5,0.50%,,
2020-12-17,4067225,2219,2803,3.52%,142394.8,702.2,0.49%,,
2020-12-16,4062416,2216,2803,3.51%,141829.1,697.6,0.49%,,
2020-12-15,4052780,2216,2803,3.40%,137170.6,665.5,0.49%,,
2020-12-14,4036226,2211,2802,3.46%,138977,674.1,0.49%,,
2020-12-13,4034640,2212,2802,3.46%,139091.6,674.5,0.49%,,
2020-12-12,4031168,2214,2802,3.46%,138947.2,673.8,0.49%,,
2020-12-11,4028392,2215,2802,3.46%,138797.7,672.6,0.49%,,
2020-12-10,4023237,2214,2802,3.46%,138385.4,669,0.48%,,
2020-12-09,4022414,2217,2802,3.45%,138249.9,667.6,0.48%,,
2020-12-08,4016936,2216,2801,3.40%,136107.6,634.5,0.47%,,
2020-12-07,4012675,2212,2800,3.05%,121717.9,545.5,0.45%,,
2020-12-06,4010041,2209,2798,2.98%,118780,520.3,0.44%,,
2020-12-05,4007651,2208,2798,2.97%,118370.1,516.9,0.44%,,
2020-12-04,4005592,2204,2798,2.97%,118231.6,516,0.44%,,
2020-12-03,4001741,2202,2798,2.96%,118038.5,514.1,0.44%,,
2020-12-02,3998442,2201,2798,2.96%,117881.9,513.1,0.44%,,
2020-12-01,3994751,2197,2798,2.96%,117589.9,510.2,0.43%,,
2020-11-30,3990738,2197,2797,2.89%,114777.3,487.1,0.42%,,
2020-11-29,3990639,2193,2795,2.59%,102885.6,429.7,0.42%,,
2020-11-28,3988106,2190,2794,2.60%,103371.2,422.7,0.41%,,
2020-11-27,3987355,2187,2794,2.60%,103368.9,422.4,0.41%,,
2020-11-26,3986087,2188,2794,2.60%,103202.9,421.6,0.41%,,
2020-11-25,3984593,2189,2794,2.59%,102879,421.2,0.41%,,
2020-11-24,3982763,2193,2792,2.78%,110150.9,470.8,0.43%,,
2020-11-23,3980965,2191,2791,2.85%,112836.8,474.2,0.42%,,
2020-11-22,3979360,2189,2791,2.84%,112434.9,472.4,0.42%,,
2020-11-21,3977139,2188,2791,2.78%,110178.5,471,0.43%,,
2020-11-20,3976007,2186,2787,3%,118741.9,531.5,0.45%,,
2020-11-19,3973956,2255,2787,3.01%,118940.5,536,0.45%,,
2020-11-18,3972490,2254,2786,3.18%,125677.6,614,0.49%,,
2020-11-17,3969942,2254,2786,3.19%,126002.4,617.2,0.49%,,
2020-11-16,3967145,2254,2786,3.17%,125255.8,612.2,0.49%,,
2020-11-15,3965810,2258,2785,3.21%,126500.2,648,0.51%,,
2020-11-14,3963336,2254,2784,3.45%,135835.1,822.7,0.61%,,
2020-11-13,3959527,2254,2783,3.85%,150829.5,1647.3,1.09%,,
2020-11-12,3957429,2254,2782,3.77%,147370.8,1648,1.12%,,
2020-11-11,3955788,2254,2781,4.06%,158713.7,1753.5,1.11%,,
2020-11-10,3951675,2254,2780,4.32%,168564.2,2140.4,1.27%,,
2020-11-08,3946943,2255,2779,4.40%,171485.7,2178.7,1.27%,,
2020-11-07,3944411,2254,2779,4.40%,171254.2,2174.3,1.27%,,
2020-11-06,3941771,2254,2779,4.37%,169987,2160.7,1.27%,,
2020-11-05,3939576,2254,2778,4.45%,173239.7,2160.9,1.25%,,
2020-11-04,3935375,2254,2778,4.42%,171918.8,2152.5,1.25%,,
2020-11-03,3932473,2253,2777,4.45%,172941.8,2159,1.25%,,
2020-11-02,3927926,2255,2776,4.73%,183545.6,2263.9,1.23%,,
2020-11-01,3919168,2255,2776,4.65%,180141.4,2239.4,1.24%,,
2020-10-31,3909737,2256,2774,4.98%,192301.3,2310,1.20%,,
2020-10-30,3903714,2256,2774,5.01%,193110.3,2312.9,1.20%,,
2020-10-29,3898422,2255,2774,4.95%,190527.1,2300.1,1.21%,,
2020-10-28,3892885,2254,2773,4.98%,191418.2,2364.2,1.24%,,
2020-10-27,3891812,2253,2772,5.08%,195079.2,2411.7,1.24%,,
2020-10-26,3884928,2255,2772,5.03%,192954.2,2407.3,1.25%,,
2020-10-25,3877521,2255,2769,5.11%,195663.3,2588.2,1.32%,,
2020-10-24,3863115,2254,2768,5.27%,200689.2,2827.4,1.41%,,
2020-10-23,3851127,2254,2767,5.44%,206677.3,2917.9,1.41%,,
2020-10-22,3844629,2255,2766,5.33%,202102.2,2854.9,1.41%,,
2020-10-21,3838168,2262,2766,5.32%,201404.5,2841.2,1.41%,,
2020-10-20,3829591,2266,2766,5.32%,200985.2,2831.5,1.41%,,
2020-10-19,3823239,2266,2766,5.31%,200308.1,2816,1.41%,,
2020-10-18,3815239,2266,2765,5.35%,201302.7,2801.1,1.39%,,
2020-10-17,3801139,2261,2765,5.35%,200743.5,2784.9,1.39%,,
2020-10-16,3793851,2259,2765,5.33%,199436.8,2755.2,1.38%,,
2020-10-15,3785748,2258,2764,5.34%,199276,2818.4,1.41%,,
2020-10-14,3777475,2258,2764,5.30%,197441.8,2739.3,1.39%,,
2020-10-13,3772249,2258,2763,5.44%,202888.5,2403.9,1.19%,,
2020-10-12,3763593,2255,2760,6.36%,235892.1,3369.7,1.43%,,
2020-10-11,3755630,2256,2760,6.40%,237071.8,3415.7,1.44%,,
2020-10-10,3744584,2255,2760,6.35%,234520.7,3399.6,1.45%,,
2020-10-09,3736362,2256,2758,6.83%,251112.4,3971.6,1.58%,,
2020-10-08,3727415,2257,2757,7.34%,269417.4,4295.1,1.59%,,
2020-10-07,3717159,2258,2757,7.38%,269542.9,4779.2,1.77%,,
2020-10-06,3707260,2261,2756,7.81%,284064.2,5376,1.89%,,
2020-10-05,3693213,2607,2753,10.21%,369597.5,7358.3,1.99%,,
2020-10-04,3681723,2623,2755,10.38%,374560.6,7583.7,2.03%,,
2020-10-03,3668504,2633,2754,10.65%,382571.8,8140.5,2.13%,,
2020-10-02,3654108,2643,2751,11.41%,408824.5,8251.1,2.02%,,
2020-10-01,3638248,2647,2749,11.26%,401625.3,8117.6,2.02%,,
2020-09-30,3615703,2680,2763,10.99%,389590.4,7760.4,1.99%,,
2020-09-29,3589975,2697,2762,10.47%,368509.6,7362.6,2.00%,,
2020-09-28,3539008,2697,2760,10.05%,349261.6,6419.9,1.84%,,
2020-09-27,3403608,2697,2756,8.53%,285008.9,5386.9,1.89%,,
2020-09-26,3056960,2696,2752,6.44%,193835.2,2921,1.51%,,
2020-09-25,2978606,2691,2751,5.74%,168757.9,2157.5,1.28%,,
2020-09-24,2930157,2693,2747,5.35%,155193.6,1541.5,0.99%,,
2020-09-23,2899521,2691,2746,4.97%,142862.6,1359.8,0.95%,,
2020-09-22,2882757,2690,2745,4.93%,140766,1356.2,0.96%,,
2020-09-21,2873373,2691,2743,4.79%,136510.1,1220.3,0.89%,,
2020-09-20,2861636,2693,2743,4.73%,134208.8,1189.9,0.89%,,
2020-09-19,2855986,2700,2742,4.46%,126317.6,1133.4,0.90%,,
2020-09-18,2853186,2702,2741,4.08%,115429.7,1005.7,0.87%,,
2020-09-17,2848457,2701,2740,4.12%,116456.6,912.9,0.78%,,
2020-09-16,2835843,2702,2740,4.09%,115011.6,886.2,0.77%,,
2020-09-15,2834114,2709,2739,3.90%,109638.1,780.1,0.71%,,
2020-09-14,2829044,2714,2739,3.87%,108829,768.5,0.71%,,
2020-09-13,2825530,2715,2739,3.87%,108553.1,766.6,0.71%,,
2020-09-12,2823570,2715,2739,3.87%,108380.2,764.9,0.71%,,
2020-09-11,2821299,2714,2739,3.86%,107993.8,761.7,0.71%,,
2020-09-10,2818373,2713,2739,3.78%,105752.9,759.5,0.72%,,
2020-09-09,2818219,2710,2738,3.64%,101902.7,757.5,0.74%,,
2020-09-08,2817458,2712,2738,3.63%,101606.1,756.1,0.74%,,
2020-09-07,2816341,2711,2738,3.63%,101498.2,754.3,0.74%,,
2020-09-06,2813403,2710,2738,3.63%,101311.8,752.4,0.74%,,
2020-09-05,2812364,2707,2737,3.63%,101188.6,750.3,0.74%,,
2020-09-04,2811250,2705,2737,3.62%,101095.9,749,0.74%,,
2020-09-03,2809255,2703,2737,3.62%,100983,747.5,0.74%,,
2020-09-02,2806345,2702,2737,3.62%,100809.8,746.5,0.74%,,
2020-09-01,2804898,2700,2737,3.62%,100683.8,744,0.74%,,
2020-08-31,2803546,2701,2737,3.61%,100565.2,741.7,0.74%,,
2020-08-30,2802316,2704,2737,3.61%,100457.4,738.2,0.74%,,
2020-08-29,2800873,2708,2737,3.61%,100359.2,737,0.73%,,
2020-08-28,2799332,2708,2737,3.61%,100230.1,735.4,0.73%,,
2020-08-27,2797481,2711,2737,3.60%,100091.2,732.5,0.73%,,
2020-08-26,2794973,2710,2737,3.60%,99895.4,729.7,0.73%,,
2020-08-25,2792725,2710,2737,3.60%,99738.2,726.5,0.73%,,
2020-08-24,2785952,2727,2737,3.59%,99381.4,718.5,0.72%,,
2020-08-23,2783801,2723,2736,3.59%,99157.5,713,0.72%,,
2020-08-22,2781590,2721,2736,3.58%,98936.8,704.4,0.71%,,
2020-08-21,2778798,2722,2736,3.57%,98615.4,689.1,0.70%,,
2020-08-20,2775978,2728,2736,3.56%,98082.3,672,0.69%,,
2020-08-19,2774034,2727,2736,3.49%,96054.9,619.3,0.65%,,
2020-08-18,2771893,2726,2734,3.27%,90181.5,404.7,0.45%,,
2020-08-17,2767566,2726,2734,3.00%,82586.6,514.4,0.62%,,
2020-08-16,2763675,2726,2734,2.99%,82205.7,514,0.63%,,
2020-08-15,2760415,2727,2734,2.98%,81609.6,512,0.63%,,
2020-08-14,2760111,2726,2733,2.95%,80774.7,527.4,0.65%,,
2020-08-13,2759908,2727,2732,3.28%,89810.7,718.9,0.80%,,
2020-08-12,2759439,2725,2732,3.28%,89657,723.8,0.81%,,
2020-08-11,2758856,2726,2731,3.31%,90365,828.2,0.92%,,
2020-08-10,2758530,2724,2731,3.28%,89671.3,835.6,0.93%,,
2020-08-09,2757871,2726,2730,3.34%,91118.5,861,0.95%,,
2020-08-08,2757461,2725,2730,3.34%,91130.9,861.6,0.95%,,
2020-08-07,2756785,2724,2730,3.33%,91011.1,860.7,0.95%,,
2020-08-06,2754851,2724,2730,3.33%,90783.4,859.2,0.95%,,
2020-08-05,2754363,2724,2730,3.32%,90693.2,858.3,0.95%,,
2020-08-04,2754241,2720,2730,3.32%,90629.1,857.8,0.95%,,
2020-08-03,2754516,2721,2730,3.32%,90539.1,857.4,0.95%,,
2020-08-02,2754480,2718,2730,3.31%,90375.8,856.6,0.95%,,
2020-08-01,2754261,2719,2730,3.30%,89953.6,855.9,0.95%,,
2020-07-31,2754481,2719,2729,3.39%,92459.9,876.6,0.95%,,
2020-07-30,2753580,2717,2729,3.34%,91206.6,876.6,0.96%,,
2020-07-29,2753363,2716,2728,3.48%,94809.6,904.4,0.95%,,
2020-07-28,2752994,2715,2728,3.48%,94874.5,904.9,0.95%,,
2020-07-27,2752676,2717,2728,3.47%,94687.2,904.2,0.96%,,
2020-07-24,2749442,2711,2727,3.42%,93236.5,916.8,0.98%,,
2020-07-23,2747443,2712,2727,3.42%,93068.6,916.5,0.99%,,
2020-07-22,2744199,2714,2727,3.42%,92907.3,913.2,0.98%,,
2020-07-21,2738013,2712,2727,3.42%,92594.6,903.3,0.98%,,
2020-07-20,2733533,2716,2727,3.41%,92411.2,900.4,0.97%,,
2020-07-19,2730417,2713,2727,3.41%,92273.8,899.2,0.97%,,
2020-07-18,2726567,2713,2727,3.41%,92120.8,897.4,0.97%,,
2020-07-17,2720350,2709,2727,3.41%,91910.2,895.5,0.97%,,
2020-07-16,2712930,2705,2727,3.41%,91728.9,894.3,0.98%,,
2020-07-14,2708086,2705,2727,3.41%,91540,892.3,0.98%,,
2020-07-13,2705320,2702,2727,3.41%,91422.9,890.6,0.97%,,
2020-07-12,2701656,2703,2727,3.41%,91122.1,888.4,0.98%,,
2020-07-11,2692990,2698,2727,3.37%,89955.7,878.8,0.98%,,
2020-07-10,2682436,2698,2725,3.42%,90935.9,881.8,0.97%,,
2020-07-09,2678885,2695,2725,3.43%,90913.3,881.3,0.97%,,
2020-07-08,2676849,2694,2725,3.41%,90443.7,879.7,0.97%,,
2020-07-07,2675147,2692,2724,3.34%,88356,891.2,1.01%,,
2020-07-06,2670648,2690,2724,3.33%,88081.7,889.4,1.01%,,
2020-07-05,2665677,2690,2724,3.33%,87892.9,886.9,1.01%,,
2020-07-04,2663743,2686,2724,3.33%,87821.9,884.9,1.01%,,
2020-07-03,2662326,2688,2724,3.33%,87749.3,884.1,1.01%,,
2020-07-02,2661204,2688,2724,3.32%,87573.1,881.4,1.01%,,
2020-07-01,2660125,2683,2724,3.29%,86715.3,874.1,1.01%,,
2020-06-30,2659068,2679,2723,3.29%,86545,884.9,1.02%,,
2020-06-29,2657822,2675,2723,3.28%,86201.3,882.9,1.02%,,
2020-06-28,2656800,2675,2722,3.30%,86712.6,887.7,1.02%,,
2020-06-27,2651622,2674,2722,3.29%,86259.3,885,1.03%,,
2020-06-26,2648562,2672,2721,3.46%,90690.5,973.5,1.07%,,
2020-06-25,2647090,2670,2721,3.47%,90978.4,980,1.08%,,
2020-06-24,2646125,2669,2721,3.46%,90682.6,978.6,1.08%,,
2020-06-23,2645032,2668,2720,3.48%,90861,1095,1.21%,,
2020-06-22,2643973,2670,2720,3.47%,90538.2,1091.7,1.21%,,
2020-06-21,2643291,2670,2719,3.52%,91736.7,1175.8,1.28%,,
2020-06-20,2641833,2671,2718,3.68%,96037.6,1256.6,1.31%,,
2020-06-19,2641644,2670,2718,3.67%,95655.8,1257.8,1.32%,,
2020-06-18,2642035,2666,2717,3.60%,93740.3,1276.5,1.36%,,
2020-06-17,2641544,2668,2716,3.53%,92036.9,1321.4,1.44%,,
2020-06-16,2641087,2667,2716,3.52%,91743,1325.4,1.45%,,
2020-06-15,2639885,2667,2716,3.51%,91223,1321.8,1.45%,,
2020-06-14,2639621,2668,2715,3.70%,96342.8,1395.6,1.45%,,
2020-06-13,2639008,2666,2715,3.72%,96839.1,1402.4,1.45%,,
2020-06-12,2637989,2671,2715,3.72%,96770.2,1401,1.45%,,
2020-06-11,2637284,2670,2715,3.72%,96705,1399.8,1.45%,,
2020-06-10,2636266,2671,2715,3.71%,96403.8,1395.2,1.45%,,
2020-06-09,2634963,2668,2714,3.79%,98548.1,1425.1,1.45%,,
2020-06-08,2633286,2666,2714,3.80%,98502.5,1423.9,1.45%,,
2020-06-07,2630384,2664,2714,3.80%,98432,1422,1.45%,,
2020-06-06,2626286,2664,2714,3.80%,98300.4,1418.9,1.44%,,
2020-06-05,2624665,2665,2714,3.78%,97804.4,1413.7,1.45%,,
2020-06-02,2621753,2663,2710,4.44%,114763.2,1650,1.44%,,
2020-06-01,2614765,2662,2710,4.41%,113800,1607.6,1.41%,,
2020-05-31,2615206,2661,2708,5.12%,131764.9,2108,1.60%,,
2020-05-30,2615293,2660,2708,5.27%,135561.3,2268.3,1.67%,,
2020-05-29,2613863,2661,2708,5.17%,133074.4,2146.7,1.61%,,
2020-05-28,2612888,2659,2708,5.17%,132873.5,2139.8,1.61%,,
2020-05-27,2612192,2657,2708,5.17%,132790.8,2137.6,1.61%,,
2020-05-26,2611592,2654,2708,5.16%,132591.9,2136.4,1.61%,,
2020-05-25,2610318,2650,2707,5.35%,137352.3,2359.2,1.72%,,
2020-05-24,2608632,2649,2707,5.36%,137567.4,2371.6,1.72%,,
2020-05-23,2607201,2649,2707,5.36%,137475.3,2369.1,1.72%,,
2020-05-22,2605306,2648,2707,5.36%,137345.1,2367,1.72%,,
2020-05-21,2603642,2642,2707,5.36%,137237.8,2364,1.72%,,
2020-05-20,2601991,2641,2707,5.36%,137105.9,2359.9,1.72%,,
2020-05-19,2600688,2639,2707,5.34%,136591.8,2349.8,1.72%,,
2020-05-18,2599407,2637,2707,5.12%,130940.5,2261.4,1.73%,,
2020-05-17,2599137,2636,2705,4.92%,125762.7,2163.5,1.72%,,
2020-05-16,2597067,2634,2705,4.92%,125533.3,2159.5,1.72%,,
2020-05-15,2595505,2636,2705,4.92%,125487.2,2158.5,1.72%,,
2020-05-14,2593629,2635,2705,4.92%,125410.4,2156.7,1.72%,,
2020-05-13,2592460,2641,2705,4.91%,125189,2153.9,1.72%,,
2020-05-12,2591309,2635,2704,4.98%,126688.7,2222.4,1.75%,,
2020-05-11,2588613,2633,2704,4.87%,123828.5,2216.4,1.79%,,
2020-05-10,2584657,2632,2703,5.06%,128413.5,2265.8,1.76%,,
2020-05-09,2581014,2631,2702,5.17%,131135.2,2316,1.77%,,
2020-05-08,2579917,2631,2702,5.18%,131201.4,2317.3,1.77%,,
2020-05-07,2579337,2628,2702,5.16%,130832.4,2310,1.77%,,
2020-05-05,2577453,2628,2701,5.32%,134883.3,2343.8,1.74%,,
2020-05-04,2575557,2629,2701,5.34%,135246.4,2346.3,1.74%,,
2020-05-03,2573664,2624,2701,5.34%,135166.4,2344.6,1.74%,,
2020-05-02,2571578,2623,2701,5.34%,135063.5,2342.2,1.73%,,
2020-05-01,2570088,2618,2701,5.34%,134978.7,2340.7,1.73%,,
2020-04-30,2568652,2618,2700,5.34%,134876.3,2338.2,1.73%,,
2020-04-29,2566871,2613,2700,5.33%,134556.3,2333.4,1.73%,,
2020-04-28,2565476,2609,2700,5.21%,131378.9,2310.1,1.76%,,
2020-04-27,2564400,2602,2699,5.22%,131611.3,2308.6,1.75%,,
2020-04-26,2562943,2603,2698,5.32%,133949.2,2309.9,1.72%,,
2020-04-25,2561803,2606,2698,5.32%,133954,2308.5,1.72%,,
2020-04-24,2560719,2602,2697,5.32%,133893.8,2306.7,1.72%,,
2020-04-23,2559460,2601,2697,5.32%,133828.6,2303.5,1.72%,,
2020-04-22,2557304,2601,2697,5.32%,133743.8,2300.1,1.72%,,
2020-04-21,2554984,2599,2697,5.32%,133640.5,2296.2,1.72%,,
2020-04-20,2552990,2598,2697,5.32%,133478.5,2291.8,1.72%,,
2020-04-19,2551166,2598,2697,5.30%,132805.3,2285.3,1.72%,,
2020-04-18,2549043,2596,2695,5.36%,134343.8,2289.1,1.70%,,
2020-04-17,2548296,2595,2695,5.37%,134436.6,2289,1.70%,,
2020-04-16,2544368,2592,2695,5.37%,134285.2,2286.6,1.70%,,
2020-04-14,2531599,2591,2693,5.17%,128655.9,2202,1.71%,,
2020-04-13,2527718,2588,2693,5.15%,128044,2174.2,1.70%,,
2020-04-12,2526041,2587,2692,5.09%,126413.4,2068.1,1.64%,,
2020-04-11,2525030,2585,2690,4.99%,124053.3,1915.3,1.54%,,
2020-04-10,2523673,2580,2690,4.99%,123913.5,1909.3,1.54%,,
2020-04-09,2522195,2581,2690,4.99%,123856.2,1908.5,1.54%,,
2020-04-08,2520596,2578,2690,4.99%,123792.5,1907.6,1.54%,,
2020-04-07,2518560,2581,2690,4.99%,123708.5,1906.6,1.54%,,
2020-04-06,2516463,2581,2690,4.99%,123623.2,1905.4,1.54%,,
2020-04-05,2514344,2577,2689,4.99%,123464.4,1903.5,1.54%,,
2020-04-04,2512044,2576,2689,4.98%,123160,1900,1.54%,,
2020-04-03,2507281,2576,2688,5.06%,125022.5,1912.1,1.53%,,
2020-04-02,2503082,2576,2687,5.11%,125972.2,1893.5,1.50%,,
2020-04-01,2501169,2577,2685,5.08%,125107.3,1910.4,1.53%,,
2020-03-31,2498622,2575,2685,5.04%,124044.9,1901.8,1.53%,,
2020-03-30,2497202,2573,2684,5.00%,123060.4,1883.1,1.53%,,
2020-03-29,2495324,2575,2684,5.00%,122867.4,1878.7,1.53%,,
2020-03-28,2492599,2575,2684,5.00%,122650.8,1867.6,1.52%,,
2020-03-27,2490786,2577,2684,4.98%,122151.7,1846.7,1.51%,,
2020-03-26,2488793,2575,2683,5.29%,129673.8,1881.6,1.45%,,
2020-03-25,2486705,2573,2683,5.29%,129575.1,1873,1.45%,,
2020-03-24,2484871,2570,2681,5.13%,125670.2,1851,1.47%,,
2020-03-23,2483238,2567,2681,5.12%,125379.4,1848.3,1.47%,,
2020-03-22,2481568,2568,2681,5.12%,125316.6,1846.5,1.47%,,
2020-03-21,2479172,2568,2681,5.13%,125244.3,1844.6,1.47%,,
2020-03-20,2477149,2569,2681,5.13%,125180.1,1842.6,1.47%,,
2020-03-19,2473339,2569,2681,5.13%,125049.8,1839.8,1.47%,,
2020-03-18,2469616,2568,2681,5.13%,124917.9,1837.1,1.47%,,
2020-03-17,2466300,2567,2681,5.14%,124808.6,1833.7,1.47%,,
2020-03-16,2462602,2564,2681,5.13%,124551.3,1827.6,1.47%,,
2020-03-15,2458771,2563,2681,5.06%,122565.5,1783.6,1.46%,,
2020-03-14,2455576,2564,2680,5.01%,121178.2,1721.7,1.42%,,
2020-03-13,2451856,2563,2680,5.00%,120938.8,1710.1,1.41%,,
2020-03-12,2447106,2566,2680,5.01%,120767.2,1700.4,1.41%,,
2020-03-11,2441811,2564,2680,5.01%,120586.3,1690.3,1.40%,,
2020-03-10,2433260,2566,2680,5%,119991.6,1660.9,1.38%,,
2020-03-09,2417588,2565,2680,4.84%,115596.9,1518.6,1.31%,,
2020-03-08,2377649,2565,2679,4.61%,108338.6,1183.6,1.09%,,
2020-03-07,2314540,2565,2677,4.73%,108441,1090.4,1.01%,,
2020-03-06,2282787,2568,2677,4.72%,106678.2,1054.4,0.99%,,
2020-03-05,2260612,2571,2675,4.85%,108572.9,1046.6,0.96%,,
2020-03-04,2246916,2569,2671,5.11%,113806.2,1016.2,0.89%,,
2020-03-03,2238747,2570,2671,5.13%,113935.7,1011.3,0.89%,,
2020-03-02,2232724,2570,2670,5.11%,113059.1,1003.3,0.89%,,
2020-03-01,2229053,2570,2669,5.12%,113077.6,989.4,0.88%,,
2020-02-29,2226698,2570,2669,5.12%,112994.5,987.5,0.87%,,
2020-02-28,2225044,2570,2669,5.12%,112912.6,986.1,0.87%,,
2020-02-27,2223045,2569,2669,5.12%,112793.8,985.1,0.87%,,
2020-02-26,2220671,2568,2669,5.10%,112363.9,981.8,0.87%,,
2020-02-25,2217745,2567,2669,4.97%,109171.5,969.3,0.89%,,
2020-02-24,2215542,2569,2667,5.20%,114104.2,1032.8,0.91%,,
2020-02-23,2212030,2562,2667,5.21%,114248.9,1030.2,0.90%,,
2020-02-22,2207040,2559,2667,5.21%,113997.5,1018.5,0.89%,,
2020-02-21,2205187,2560,2667,5.16%,112866.8,1013,0.90%,,
2020-02-19,2201216,2555,2666,5.32%,115965.1,1054.2,0.91%,,
2020-02-18,2199567,2555,2664,5.63%,122717.7,1135.2,0.93%,,
2020-02-17,2197900,2553,2664,5.59%,121633.4,1129.7,0.93%,,
2020-02-16,2195849,2554,2663,5.62%,122244.4,1153.4,0.94%,,
2020-02-15,2192574,2555,2662,5.78%,125493.6,1182.1,0.94%,,
2020-02-14,2188985,2557,2662,5.67%,122997.6,1163.6,0.95%,,
2020-02-13,2182654,2557,2660,5.65%,122122.3,1149.6,0.94%,,
2020-02-12,2179284,2556,2659,5.74%,123875.4,1171.2,0.95%,,
2020-02-11,2175546,2555,2658,5.75%,123889,1171.7,0.95%,,
2020-02-10,2171958,2553,2658,5.74%,123519.9,1168.1,0.95%,,
2020-02-09,2166117,2549,2657,5.62%,120546.4,1133.8,0.94%,,
2020-02-08,2157053,2545,2656,5.55%,118524.8,1101.9,0.93%,,
2020-02-07,2148938,2543,2655,5.50%,117163.5,1095.2,0.94%,,
2020-02-06,2145822,2543,2655,5.50%,116917.8,1093,0.94%,,
2020-02-05,2142621,2543,2655,5.50%,116775.7,1091.8,0.94%,,
2020-02-04,2140608,2543,2655,5.50%,116681.2,1090.4,0.94%,,
2020-02-03,2138603,2541,2655,5.50%,116577.1,1089.5,0.94%,,
2020-02-02,2136560,2544,2655,5.50%,116466.7,1088.1,0.93%,,
2020-02-01,2134204,2540,2655,5.50%,116343.4,1086.6,0.93%,,
2020-01-31,2131291,2538,2655,5.50%,116168.4,1084.7,0.93%,,
2020-01-30,2127300,2537,2655,5.49%,115603,1080.9,0.94%,,
2020-01-29,2123180,2535,2654,5.32%,111968.7,1053.5,0.94%,,
2020-01-28,2119634,2533,2654,5.31%,111566.7,1049.7,0.94%,,
2020-01-27,2117338,2532,2654,5.31%,111476.8,1048,0.94%,,
2020-01-26,2114074,2530,2654,5.32%,111326.9,1045.6,0.94%,,
2020-01-25,2109604,2531,2654,5.30%,110827.8,1039.6,0.94%,,
2020-01-24,2106075,2531,2654,5.03%,104862.8,983.9,0.94%,,
2020-01-23,2103641,2527,2653,5.13%,106907.1,1000.6,0.94%,,
2020-01-22,2100622,2526,2653,5.13%,106739.8,998,0.94%,,
2020-01-21,2096275,2526,2653,5.06%,105042.6,975.6,0.93%,,
2020-01-20,2092917,2525,2652,5.24%,108480.2,1118.3,1.03%,,
2020-01-19,2085476,2527,2652,5.25%,108433.7,1126.8,1.04%,,
2020-01-18,2080327,2527,2652,5.22%,107419.2,1117.3,1.04%,,
2020-01-17,2077605,2526,2651,5.42%,111412.4,1194.3,1.07%,,
2020-01-16,2074718,2523,2651,5.30%,108687.5,1159.7,1.07%,,
2020-01-15,2071877,2521,2650,5.44%,111545.5,1180.2,1.06%,,
2020-01-14,2070724,2522,2650,5.44%,111532.2,1180.3,1.06%,,
2020-01-13,2069420,2523,2650,5.45%,111490,1179.6,1.06%,,
2020-01-12,2067572,2523,2650,5.45%,111434.4,1177.9,1.06%,,
2020-01-11,2066338,2522,2650,5.45%,111399.1,1177.3,1.06%,,
2020-01-10,2064502,2520,2650,5.45%,111336.5,1176.7,1.06%,,
2020-01-09,2062316,2518,2650,5.45%,111271.9,1175.1,1.06%,,
2020-01-08,2059523,2517,2650,5.46%,111192.1,1173.3,1.06%,,
2020-01-07,2057420,2514,2650,5.46%,111111.9,1171.9,1.06%,,
2020-01-06,2054960,2515,2650,5.46%,111032.4,1170.7,1.05%,,
2020-01-05,2052759,2513,2650,5.46%,110964.6,1169.5,1.05%,,
2020-01-04,2050510,2515,2650,5.47%,110887.4,1168.5,1.05%,,
2020-01-03,2048314,2516,2650,5.47%,110819.5,1167.2,1.05%,,
2020-01-02,2046439,2518,2650,5.47%,110736.3,1165.8,1.05%,,
2020-01-01,2044853,2515,2650,5.47%,110651.5,1165,1.05%,,
2019-12-31,2043294,2515,2650,5.46%,110458.2,1163.5,1.05%,,
2019-12-30,2041275,2516,2650,5.41%,109190.9,1155,1.06%,,
2019-12-29,2038779,2513,2649,5.35%,107954.5,1149.7,1.07%,,
2019-12-28,2036390,2513,2649,5.35%,107865.3,1148.9,1.07%,,
2019-12-27,2034434,2515,2649,5.35%,107694.1,1146.6,1.07%,,
2019-12-26,2032217,2512,2649,5.31%,106811.1,1137.6,1.07%,,
2019-12-25,2030192,2509,2648,5.50%,110386.9,1163.8,1.05%,,
2019-12-24,2027902,2507,2647,5.71%,114534.7,1186,1.04%,,
2019-12-23,2025357,2515,2646,5.73%,114809.6,1187,1.03%,,
2019-12-22,2023016,2513,2646,5.73%,114731.1,1186.1,1.03%,,
2019-12-21,2020401,2508,2646,5.73%,114637.4,1185.2,1.03%,,
2019-12-20,2017468,2511,2646,5.74%,114517.4,1182.4,1.03%,,
2019-12-19,2011745,2510,2646,5.74%,114248.3,1179.1,1.03%,,
2019-12-18,2006333,2507,2646,5.74%,113981.1,1175.4,1.03%,,
2019-12-17,2000465,2505,2646,5.71%,113030.8,1162.7,1.03%,,
2019-12-16,1994377,2503,2646,5.42%,107024.7,1113.7,1.04%,,
2019-12-15,1984543,2502,2643,5.46%,107111.1,1166.1,1.09%,,
2019-12-14,1974383,2501,2640,5.53%,108051.8,1168.5,1.08%,,
2019-12-13,1968833,2502,2640,5.55%,107999.1,1165.3,1.08%,,
2019-12-12,1965180,2501,2640,5.55%,107885.4,1162.9,1.08%,,
2019-12-11,1961859,2498,2640,5.54%,107533.3,1158.7,1.08%,,
2019-12-10,1957460,2498,2640,5.31%,102822.4,1112.5,1.08%,,
2019-12-09,1953448,2493,2639,5.30%,102444.5,1092.3,1.07%,,
2019-12-08,1948488,2493,2638,5.27%,101688.9,1078,1.06%,,
2019-12-07,1941132,2494,2637,5.31%,101963.6,1064.7,1.04%,,
2019-12-06,1937265,2492,2637,5.21%,99898,1041.2,1.04%,,
2019-12-05,1933633,2492,2636,5.19%,99303.4,1024.4,1.03%,,
2019-12-04,1931174,2495,2636,5.14%,98290.5,1012.1,1.03%,,
2019-12-03,1927796,2495,2635,5.19%,99096.6,1009.8,1.02%,,
2019-12-02,1921378,2493,2635,5.07%,96413,986.7,1.02%,,
2019-12-01,1918294,2489,2633,5.29%,100407.2,1020.8,1.02%,,
2019-11-30,1914816,2489,2633,5.24%,99228.2,1016.4,1.02%,,
2019-11-29,1911872,2489,2632,5.54%,104860.8,1038.6,0.99%,,
2019-11-28,1907675,2486,2630,5.63%,106379.1,1022.8,0.96%,,
2019-11-27,1903783,2488,2629,5.56%,104796.7,994.9,0.95%,,
2019-11-26,1899533,2485,2628,5.64%,106167.2,1000.6,0.94%,,
2019-11-25,1895010,2488,2628,5.64%,105848.2,993.7,0.94%,,
2019-11-24,1889101,2486,2628,5.47%,102288.4,952.9,0.93%,,
2019-11-23,1882759,2485,2627,5.50%,102670.3,930.7,0.91%,,
2019-11-22,1876494,2481,2626,5.50%,102329.2,803.2,0.79%,,
2019-11-21,1869438,2478,2625,5.39%,99939.6,764.5,0.77%,,
2019-11-20,1863977,2479,2625,5.37%,99306.4,755.5,0.76%,,
2019-11-19,1857984,2480,2625,5.30%,97775.1,738,0.76%,,
2019-11-18,1852416,2479,2623,5.24%,96291.9,789.5,0.82%,,
2019-11-17,1846497,2475,2621,5.08%,92900.3,887.2,0.96%,,
2019-11-16,1840030,2474,2621,5.04%,91814,878.5,0.96%,,
2019-11-15,1832532,2471,2620,4.95%,89935.1,829.4,0.92%,,
2019-11-14,1823819,2472,2620,4.92%,88944.4,816,0.92%,,
2019-11-13,1814409,2472,2619,5.42%,97332,1016.6,1.04%,,
2019-11-12,1800970,2471,2618,5.52%,98425.4,1063.8,1.08%,,
2019-11-11,1792317,2473,2618,5.45%,96547.6,1049.8,1.09%,,
2019-11-10,1787041,2470,2617,5.31%,93815.3,1043.5,1.11%,,
2019-11-09,1779708,2464,2614,5.50%,96822.3,1100.2,1.14%,,
2019-11-08,1772698,2464,2614,5.40%,94631,1103.7,1.17%,,
2019-11-07,1766687,2464,2609,6.03%,105427.4,1171.2,1.11%,,
2019-11-06,1759664,2464,2609,6.10%,106097.3,1227.1,1.16%,,
2019-11-05,1750773,2456,2609,5.86%,101431.3,1210.1,1.19%,,
2019-11-04,1741651,2455,2604,8.49%,145716.8,2114,1.45%,,
2019-11-03,1725813,2453,2604,8.79%,149456,2194.7,1.47%,,
2019-11-02,1712321,2452,2604,8.74%,147546.6,2184.5,1.48%,,
2019-11-01,1703185,2449,2603,9.01%,151320.5,2182.2,1.44%,,
2019-10-31,1697394,2450,2603,9.04%,151309.5,2179.8,1.44%,,
2019-10-30,1695959,2448,2603,9.04%,151168,2175.2,1.44%,,
2019-10-29,1695499,2449,2603,9.03%,150983.3,2170.3,1.44%,,
2019-10-28,1695074,2450,2603,8.97%,149897.1,2152.2,1.44%,,
2019-10-27,1694864,2446,2602,8.94%,149352.5,2151.1,1.44%,,
2019-10-26,1694514,2444,2601,8.96%,149698.6,2141.7,1.43%,,
2019-10-25,1694335,2444,2600,9.16%,153023.2,2156.7,1.41%,,
2019-10-24,1693855,2438,2599,9.26%,154722.6,2167.8,1.40%,,
2019-10-23,1693035,2438,2598,8.93%,149151.6,2044.4,1.37%,,
2019-10-22,1692957,2433,2597,9.07%,151395.4,2076.9,1.37%,,
2019-10-21,1692778,2432,2596,9.08%,151570.5,2079.1,1.37%,,
2019-10-20,1692539,2431,2596,9.07%,151494.4,2077.2,1.37%,,
2019-10-19,1691981,2430,2596,9.07%,151420.9,2075,1.37%,,
2019-10-18,1691151,2430,2596,9.07%,151303.8,2072.1,1.37%,,
2019-10-17,1687013,2430,2596,9.08%,151068.9,2067.9,1.37%,,
2019-10-16,1677832,2429,2596,9.09%,150462.4,2055.2,1.37%,,
2019-10-15,1668680,2426,2596,9.03%,148667.7,2020.9,1.36%,,
2019-10-14,1657877,2428,2595,8.45%,138263.6,1820.4,1.32%,,
2019-10-13,1647404,2428,2593,8.63%,140252.4,1873.1,1.34%,,
2019-10-12,1634279,2427,2592,8.77%,141486.7,1878.9,1.33%,,
2019-10-11,1621157,2427,2591,8.61%,137688.9,1859.9,1.35%,,
2019-10-10,1615773,2424,2591,8.45%,134672.8,1827.3,1.36%,,
2019-10-09,1606868,2426,2588,8.20%,129933.2,1754.1,1.35%,,
2019-10-08,1595140,2425,2586,7.92%,124488.2,1785.5,1.43%,,
2019-10-07,1556637,2426,2582,7.19%,110229.1,1652,1.50%,,
2019-10-06,1478334,2424,2578,5.57%,81147.5,1200.2,1.48%,,
2019-10-05,1354326,2422,2576,4.96%,66310.2,820.3,1.24%,,
2019-10-04,1319116,2421,2573,4.94%,64375.3,820.6,1.28%,,
2019-10-03,1307946,2420,2572,4.86%,62733.8,804.4,1.28%,,
2019-10-02,1301899,2419,2571,4.71%,60565.9,769.1,1.27%,,
2019-10-01,1294277,2412,2569,4.92%,62836.3,779.1,1.24%,,
2019-09-30,1289257,2412,2569,4.87%,62004.4,767.3,1.24%,,
2019-09-29,1286513,2411,2568,4.72%,60026.7,737.8,1.23%,,
2019-09-28,1283099,2410,2568,4.71%,59695.1,733,1.23%,,
2019-09-27,1280253,2409,2568,4.70%,59393,730,1.23%,,
2019-09-26,1277100,2408,2567,4.80%,60530.1,775.6,1.28%,,
2019-09-25,1275944,2406,2567,4.81%,60540.4,776.8,1.28%,,
2019-09-24,1274888,2405,2567,4.76%,59974.1,762.1,1.27%,,
2019-09-23,1273743,2403,2566,4.86%,61168.9,760.1,1.24%,,
2019-09-22,1272515,2400,2566,4.74%,59550.1,740.5,1.24%,,
2019-09-21,1271902,2399,2565,4.83%,60612,756.2,1.25%,,
2019-09-20,1270865,2397,2565,4.81%,60423.1,754.3,1.25%,,
2019-09-19,1270130,2397,2565,4.70%,58969.9,743.7,1.26%,,
2019-09-18,1269190,2393,2564,4.85%,60810.5,760.3,1.25%,,
2019-09-17,1268405,2390,2563,4.94%,61851.9,761.1,1.23%,,
2019-09-16,1267487,2389,2563,4.88%,61113.2,753.7,1.23%,,
2019-09-15,1266776,2389,2562,5.36%,66928.3,1017.8,1.52%,,
2019-09-14,1265781,2387,2562,5.39%,67188.1,1030.1,1.53%,,
2019-09-13,1264836,2385,2562,5.39%,67161.1,1029.9,1.53%,,
2019-09-12,1263751,2383,2562,5.39%,67130.6,1029.5,1.53%,,
2019-09-11,1262563,2382,2562,5.40%,67103.9,1028.5,1.53%,,
2019-09-10,1261575,2385,2562,5.40%,67075.2,1028,1.53%,,
2019-09-09,1260502,2383,2561,5.40%,67046.3,1027.6,1.53%,,
2019-09-08,1258798,2382,2561,5.41%,67015.1,1027.3,1.53%,,
2019-09-07,1256039,2383,2561,5.41%,66966.8,1026.4,1.53%,,
2019-09-06,1255029,2387,2561,5.41%,66819.9,1025,1.53%,,
2019-09-05,1254171,2389,2561,5.36%,66152.8,1021.4,1.54%,,
2019-09-04,1253423,2387,2559,6.07%,74797.7,1304.6,1.74%,,
2019-09-03,1252221,2386,2559,6.13%,75378.1,1323.9,1.76%,,
2019-09-02,1251724,2386,2558,6.13%,75350.5,1323.4,1.76%,,
2019-09-01,1251148,2387,2558,6.13%,75321.5,1322,1.76%,,
2019-08-31,1250570,2385,2558,6.13%,75295.9,1321.3,1.76%,,
2019-08-30,1249960,2386,2558,6.13%,75270.5,1320.2,1.75%,,
2019-08-29,1249353,2383,2558,6.13%,75239.4,1319.4,1.75%,,
2019-08-28,1248690,2381,2558,6.11%,75031.3,1314.1,1.75%,,
2019-08-27,1247532,2379,2558,5.91%,72479.1,1273.7,1.76%,,
2019-08-26,1246201,2379,2557,6.08%,74531.2,1263.8,1.70%,,
2019-08-25,1245710,2378,2557,6.00%,73523.4,1260.6,1.72%,,
2019-08-24,1245087,2380,2556,6.25%,76439.6,1318.8,1.73%,,
2019-08-23,1244656,2378,2555,6.25%,76470.9,1334.1,1.75%,,
2019-08-22,1243774,2377,2555,6.25%,76424.8,1334.2,1.75%,,
2019-08-21,1242442,2376,2555,6.25%,76370.3,1332.6,1.75%,,
2019-08-20,1240540,2377,2555,6.26%,76285.4,1330.9,1.75%,,
2019-08-13,1231995,2368,2553,6.64%,80373.3,1382.4,1.72%,,
2019-08-12,1230723,2366,2553,6.68%,80770.1,1387.2,1.72%,,
2019-08-11,1230138,2364,2553,6.68%,80752.9,1387.1,1.72%,,
2019-08-10,1229498,2363,2553,6.68%,80732.7,1386.6,1.72%,,
2019-08-09,1229271,2363,2553,6.68%,80724,1386.5,1.72%,,
2019-08-08,1228618,2364,2553,6.68%,80704.2,1385.8,1.72%,,
2019-08-07,1227967,2362,2553,6.68%,80677.7,1385.2,1.72%,,
2019-08-06,1227368,2359,2553,6.68%,80647.9,1384.6,1.72%,,
2019-08-05,1226182,2358,2553,6.68%,80577.7,1383.3,1.72%,,
2019-08-04,1225562,2357,2553,6.69%,80543.5,1381.8,1.72%,,
2019-08-03,1224779,2356,2553,6.69%,80503.1,1380.6,1.72%,,
2019-08-02,1224273,2354,2553,6.69%,80483.5,1380,1.72%,,
2019-08-01,1223861,2351,2553,6.69%,80460.4,1379.1,1.71%,,
2019-07-31,1223358,2348,2553,6.69%,80428.4,1378.5,1.71%,,
2019-07-27,1221617,2348,2553,6.69%,80339.9,1375.2,1.71%,,
2019-07-26,1221354,2347,2553,6.69%,80311.2,1374.4,1.71%,,
2019-07-25,1220812,2348,2553,6.69%,80266.3,1373.6,1.71%,,
2019-07-24,1220227,2346,2553,6.67%,80035.1,1368.5,1.71%,,
2019-07-23,1219247,2345,2552,6.58%,78891.4,1345.5,1.71%,,
2019-07-22,1215180,2345,2551,6.56%,78310.9,1385.9,1.77%,,
2019-07-21,1213110,2345,2551,6.55%,78056.3,1383.9,1.77%,,
2019-07-20,1212597,2344,2551,6.47%,77102.3,1376,1.79%,,
2019-07-19,1212311,2342,2550,6.43%,76544.4,1404.4,1.84%,,
2019-07-18,1211788,2342,2549,6.63%,78866.3,1409.6,1.79%,,
2019-07-17,1209928,2343,2549,6.65%,78996.8,1408.5,1.78%,,
2019-07-16,1209187,2341,2548,6.65%,78954.3,1407.3,1.78%,,
2019-07-15,1208037,2343,2548,6.65%,78897.6,1405.5,1.78%,,
2019-07-14,1207080,2341,2548,6.65%,78839.2,1404.7,1.78%,,
2019-07-13,1205941,2340,2548,6.64%,78642.5,1400.9,1.78%,,
2019-07-12,1205009,2335,2548,6.53%,77259.6,1373.9,1.78%,,
2019-07-11,1204894,2329,2545,6.35%,75187.4,1327.1,1.77%,,
2019-07-10,1202711,2326,2545,6.23%,73675.8,1304.3,1.77%,,
2019-07-06,1193616,2324,2543,6.50%,76282.8,1316.4,1.73%,,
2019-07-05,1189245,2323,2543,6.53%,76284.4,1311.3,1.72%,,
2019-07-04,1188567,2318,2543,6.51%,76096.7,1309.3,1.72%,,
2019-07-03,1188362,2321,2542,6.57%,76745.6,1353.7,1.76%,,
2019-07-02,1187982,2320,2542,6.57%,76710.6,1353.5,1.76%,,
2019-07-01,1187618,2317,2542,6.57%,76671.9,1352.7,1.76%,,
2019-06-30,1187025,2316,2542,6.57%,76626.3,1352.1,1.77%,,
2019-06-29,1186023,2316,2542,6.57%,76561,1350.4,1.76%,,
2019-06-28,1185240,2318,2542,6.57%,76512.8,1349.6,1.76%,,
2019-06-27,1184642,2316,2542,6.57%,76483.6,1348.2,1.76%,,
2019-06-26,1184260,2316,2542,6.57%,76446.9,1346.9,1.76%,,
2019-06-25,1183843,2312,2542,6.57%,76402.4,1345.6,1.76%,,
2019-06-24,1183139,2312,2542,6.57%,76360.8,1344.4,1.76%,,
2019-06-23,1182403,2312,2542,6.57%,76313.3,1342.9,1.76%,,
2019-06-22,1181530,2311,2542,6.57%,76261.5,1341,1.76%,,
2019-06-21,1180022,2309,2542,6.57%,76162.9,1337.8,1.76%,,
2019-06-20,1178274,2309,2542,6.55%,75829.4,1334.1,1.76%,,
2019-06-19,1177487,2305,2542,6.37%,73693,1318.2,1.79%,,
